Workbook

Sheet 质检报告
A1: 生活垃圾目标检测数据集 — 标注质量抽检报告
A2: 数据来源 | B2: Label Studio 导出包：D:\label-studio\project-3-at-2026-10-01-22-06-b565b7bc.zip（YOLO 格式：images/、labels/、classes.txt、notes.json）
A3: 抽检范围 | B3: 全部 35 张已标注图片（抽检率 100%），共 35 个标注框，5 个类别各 7 张
A4: 复核方式 | B4: 结构化校验（程序解析标签文件） + 逐张 2×/3× 放大目视复核框边界 + 以数据集原始类别（文件名）做类别交叉验证
A5: 判定标准 | B5: 见“判定标准与说明”工作表；准确率口径：该图准确率 =(标注框总数−错标数−框选不准数)/(标注框总数+漏标数)
A7: 抽检图片编号 | B7: 文件名 | C7: 类别 | D7: 标注框总数 | E7: 漏标数 | F7: 错标数 | G7: 框选不准数 | H7: 该图准确率
A8: Task_001 | B8: glass1.jpg | C8: 玻璃(glass) | D8: 1 | E8: 0 | F8: 0 | G8: 1 | H8: =IF((D8+E8)=0,"",(D8-E8-F8-G8)/(D8+E8)) -> 0
A9: Task_002 | B9: glass2.jpg | C9: 玻璃(glass) | D9: 1 | E9: 0 | F9: 0 | G9: 0 | H9: =IF((D9+E9)=0,"",(D9-E9-F9-G9)/(D9+E9)) -> 1
A10: Task_003 | B10: glass3.jpg | C10: 玻璃(glass) | D10: 1 | E10: 0 | F10: 0 | G10: 1 | H10: =IF((D10+E10)=0,"",(D10-E10-F10-G10)/(D10+E10)) -> 0
A11: Task_004 | B11: glass4.jpg | C11: 玻璃(glass) | D11: 1 | E11: 0 | F11: 0 | G11: 1 | H11: =IF((D11+E11)=0,"",(D11-E11-F11-G11)/(D11+E11)) -> 0
A12: Task_005 | B12: glass5.jpg | C12: 玻璃(glass) | D12: 1 | E12: 0 | F12: 0 | G12: 0 | H12: =IF((D12+E12)=0,"",(D12-E12-F12-G12)/(D12+E12)) -> 1
A13: Task_006 | B13: glass6.jpg | C13: 玻璃(glass) | D13: 1 | E13: 0 | F13: 0 | G13: 0 | H13: =IF((D13+E13)=0,"",(D13-E13-F13-G13)/(D13+E13)) -> 1
A14: Task_007 | B14: glass7.jpg | C14: 玻璃(glass) | D14: 1 | E14: 0 | F14: 0 | G14: 0 | H14: =IF((D14+E14)=0,"",(D14-E14-F14-G14)/(D14+E14)) -> 1
A15: Task_008 | B15: metal1.jpg | C15: 金属(metal) | D15: 1 | E15: 0 | F15: 0 | G15: 0 | H15: =IF((D15+E15)=0,"",(D15-E15-F15-G15)/(D15+E15)) -> 1
A16: Task_009 | B16: metal2.jpg | C16: 金属(metal) | D16: 1 | E16: 0 | F16: 0 | G16: 0 | H16: =IF((D16+E16)=0,"",(D16-E16-F16-G16)/(D16+E16)) -> 1
A17: Task_010 | B17: metal3.jpg | C17: 金属(metal) | D17: 1 | E17: 0 | F17: 0 | G17: 0 | H17: =IF((D17+E17)=0,"",(D17-E17-F17-G17)/(D17+E17)) -> 1
A18: Task_011 | B18: metal4.jpg | C18: 金属(metal) | D18: 1 | E18: 0 | F18: 0 | G18: 0 | H18: =IF((D18+E18)=0,"",(D18-E18-F18-G18)/(D18+E18)) -> 1
A19: Task_012 | B19: metal5.jpg | C19: 金属(metal) | D19: 1 | E19: 0 | F19: 0 | G19: 0 | H19: =IF((D19+E19)=0,"",(D19-E19-F19-G19)/(D19+E19)) -> 1
... A42: Task_035 | B42: plastic7.jpg | C42: 塑料(plastic) | D42: 1 | E42: 0 | F42: 0 | G42: 0 | H42: =IF((D42+E42)=0,"",(D42-E42-F42-G42)/(D42+E42)) -> 1
A43: 合计（35 张） | B43: 整体抽检准确率 → | D43: =SUM(D8:D42) -> 35 | E43: =SUM(E8:E42) -> 0 | F43: =SUM(F8:F42) -> 0 | G43: =SUM(G8:G42) -> 5 | H43: =IF((D43+E43)=0,"",(D43-E43-F43-G43)/(D43+E43)) -> 0.85714286
A45: 结论
A46: 抽检 35 张，标注框 35 个：漏标 0 个、错标 0 个、框选不准 5 个，整体抽检准确率 85.71%。类别标注与框的完整性无问题，问题集中在框边界贴合度：glass3 / glass4 切掉杯座，trash4 切掉袋体上、右部分（3 张为明显缺陷，需返工）；glass1 / trash5 框边界偏松约 19px（轻微，建议收紧）。返工后需对这 5 张复检。

Sheet 问题清单
A1: 问题清单（共 5 项）
A2: 序号 | B2: 抽检编号 | C2: 文件名 | D2: 类别 | E2: 问题类型 | F2: 具体描述 | G2: 严重程度 | H2: 建议处理
A3: 1 | B3: Task_001 | C3: glass1.jpg | D3: 玻璃(glass) | E3: 框选不准 | F3: 框下边界较瓶身最低点留白约 19px，框偏松 | G3: 轻微 | H3: 返工重标：收紧框边界至物体外轮廓，建议四周间隙 ≤10px
A4: 2 | B4: Task_003 | C4: glass3.jpg | D4: 玻璃(glass) | E4: 框选不准 | F4: 框右边界切掉杯座，物体可见部分外溢约 30px，框偏小 | G4: 明显 | H4: 返工重标：把框拉到物体可见外轮廓，确保杯座/袋体等全部包含在框内，间隙 ≤10px
A5: 3 | B5: Task_004 | C5: glass4.jpg | D5: 玻璃(glass) | E5: 框选不准 | F5: 框右边界切掉杯座，物体可见部分外溢约 35px，框偏小 | G5: 明显 | H5: 返工重标：把框拉到物体可见外轮廓，确保杯座/袋体等全部包含在框内，间隙 ≤10px
A6: 4 | B6: Task_018 | C6: trash4.jpg | D6: 其他垃圾(other) | E6: 框选不准 | F6: 塑料袋上侧、右侧超出框边界（上约 20px、右约 30px），框偏小 | G6: 明显 | H6: 返工重标：把框拉到物体可见外轮廓，确保杯座/袋体等全部包含在框内，间隙 ≤10px
A7: 5 | B7: Task_019 | C7: trash5.jpg | D7: 其他垃圾(other) | E7: 框选不准 | F7: 框左边界较袋体最左轮廓留白约 19px，框偏松 | G7: 轻微 | H7: 返工重标：收紧框边界至物体外轮廓，建议四周间隙 ≤10px

Sheet 类别统计
A1: 分类别抽检统计
A2: 类别（标签） | B2: 中文 | C2: 图片数 | D2: 标注框总数 | E2: 漏标数 | F2: 错标数 | G2: 框选不准数 | H2: 该类准确率
A3: 玻璃(glass) | B3: 玻璃 | C3: =COUNTIF(质检报告!$C$8:$C$42,$A3) -> 7 | D3: =SUMIF(质检报告!$C$8:$C$42,$A3,质检报告!$D$8:$D$42) -> 7 | E3: =SUMIF(质检报告!$C$8:$C$42,$A3,质检报告!$E$8:$E$42) -> 0 | F3: =SUMIF(质检报告!$C$8:$C$42,$A3,质检报告!$F$8:$F$42) -> 0 | G3: =SUMIF(质检报告!$C$8:$C$42,$A3,质检报告!$G$8:$G$42) -> 3 | H3: =IF((D3+E3)=0,"",(D3-E3-F3-G3)/(D3+E3)) -> 0.57142857
A4: 金属(metal) | B4: 金属 | C4: =COUNTIF(质检报告!$C$8:$C$42,$A4) -> 7 | D4: =SUMIF(质检报告!$C$8:$C$42,$A4,质检报告!$D$8:$D$42) -> 7 | E4: =SUMIF(质检报告!$C$8:$C$42,$A4,质检报告!$E$8:$E$42) -> 0 | F4: =SUMIF(质检报告!$C$8:$C$42,$A4,质检报告!$F$8:$F$42) -> 0 | G4: =SUMIF(质检报告!$C$8:$C$42,$A4,质检报告!$G$8:$G$42) -> 0 | H4: =IF((D4+E4)=0,"",(D4-E4-F4-G4)/(D4+E4)) -> 1
A5: 其他垃圾(other) | B5: 其他垃圾 | C5: =COUNTIF(质检报告!$C$8:$C$42,$A5) -> 7 | D5: =SUMIF(质检报告!$C$8:$C$42,$A5,质检报告!$D$8:$D$42) -> 7 | E5: =SUMIF(质检报告!$C$8:$C$42,$A5,质检报告!$E$8:$E$42) -> 0 | F5: =SUMIF(质检报告!$C$8:$C$42,$A5,质检报告!$F$8:$F$42) -> 0 | G5: =SUMIF(质检报告!$C$8:$C$42,$A5,质检报告!$G$8:$G$42) -> 2 | H5: =IF((D5+E5)=0,"",(D5-E5-F5-G5)/(D5+E5)) -> 0.71428571
A6: 纸张(paper) | B6: 纸张 | C6: =COUNTIF(质检报告!$C$8:$C$42,$A6) -> 7 | D6: =SUMIF(质检报告!$C$8:$C$42,$A6,质检报告!$D$8:$D$42) -> 7 | E6: =SUMIF(质检报告!$C$8:$C$42,$A6,质检报告!$E$8:$E$42) -> 0 | F6: =SUMIF(质检报告!$C$8:$C$42,$A6,质检报告!$F$8:$F$42) -> 0 | G6: =SUMIF(质检报告!$C$8:$C$42,$A6,质检报告!$G$8:$G$42) -> 0 | H6: =IF((D6+E6)=0,"",(D6-E6-F6-G6)/(D6+E6)) -> 1
A7: 塑料(plastic) | B7: 塑料 | C7: =COUNTIF(质检报告!$C$8:$C$42,$A7) -> 7 | D7: =SUMIF(质检报告!$C$8:$C$42,$A7,质检报告!$D$8:$D$42) -> 7 | E7: =SUMIF(质检报告!$C$8:$C$42,$A7,质检报告!$E$8:$E$42) -> 0 | F7: =SUMIF(质检报告!$C$8:$C$42,$A7,质检报告!$F$8:$F$42) -> 0 | G7: =SUMIF(质检报告!$C$8:$C$42,$A7,质检报告!$G$8:$G$42) -> 0 | H7: =IF((D7+E7)=0,"",(D7-E7-F7-G7)/(D7+E7)) -> 1
A8: 合计 | B8: 全部 | C8: =SUM(C3:C7) -> 35 | D8: =SUM(D3:D7) -> 35 | E8: =SUM(E3:E7) -> 0 | F8: =SUM(F3:F7) -> 0 | G8: =SUM(G3:G7) -> 5 | H8: =IF((D8+E8)=0,"",(D8-E8-F8-G8)/(D8+E8)) -> 0.85714286

Sheet 判定标准与说明
A1: 判定标准、复核方法与局限说明
A3: 一、抽检对象 | B3: Label Studio 项目导出包（project-3-at-2026-10-01-22-06-b565b7bc.zip）中的全部 35 张已标注图片及其 YOLO 格式标签，抽检率 100%。类别映射来自包内 notes.json：0=glass、1=metal、2=other、3=paper、4=plastic。
A4: 二、判定项目 | B4: 漏标：图中存在可见的独立生活垃圾物体，但没有任何框覆盖它 → 计 1 处。 错标：框内物体的实际类别与标注类别不符 → 计 1 处。 框选不准：框未完整包含物体可见主体（被切掉 >10px），或框边界与物体外轮廓的间隙 >10px（明显偏松）→ 计 1 处。
A5: 三、阈值与例外 | B5: 间隙阈值 10px（原图 512×384 尺度）；本次实测读数在 ±5px 以内，仅对超过 15px 的明显偏差计入“框选不准”。 物体被画面边界裁切时（框边贴合图像边缘），该侧不计为偏小或偏松。
A6: 四、准确率口径 | B6: 该图准确率 =(标注框总数 − 错标数 − 框选不准数)/(标注框总数 + 漏标数) 整体抽检准确率 = 全部抽检图片的分子之和 / 分母之和 口径校验：参考示例 Task_005（2 个框、1 个错标、0 个框选不准、0 个漏标）→(2−1−0)/(2+0)=50%，与参考表一致。
A7: 五、复核方法 | B7: 1) 程序解析 labels/*.txt：逐图统计框数、校验类别 id 合法性、坐标范围（0<cx,cy<1、0<w,h≤1）、是否存在退化框； 2) 用图片文件名中保留的 TrashNet 原始类别（trash/plastic/glass/paper/metal）做类别交叉验证； 3) 把每个标注框叠加回原图，逐张 2×/3× 放大目视复核框与物体轮廓的贴合度，并用 10px 刻度尺读数。
A8: 六、结构校验结果 | B8: 图片 35 张、标签文件 35 个、标注框 35 个，一一对应，无空标签、无多余标签； 每张图恰好 1 个框；类别 id 全部合法；坐标全部在有效范围内（越界 0 个）；无退化框（最小框 0.187×0.219，最小面积占比 4.1%）； 类别与来源类别一致：35/35（0 处不一致）。
A9: 七、局限说明 | B9: 框边界间隙为 2×/3× 放大后的目视读数，存在约 ±5px 误差；本报告为 AI 辅助初检结果，建议对判为不合格的 5 张（glass3、glass4、trash4、glass1、trash5）由人工复核确认后再返工。 另有 1 处待人工确认但不计缺陷：trash6 画面为两层透明塑料薄膜叠放，标注为 1 个框，如需按“两个独立物体”口径则应记为 1 处漏标。
A10: 八、数据来源 | B10: D:\label-studio\project-3-at-2026-10-01-22-06-b565b7bc.zip 原始图片为公开数据集 TrashNet（garythung/trashnet），仅供教学与研究用途。
